{"cameraMode":{"drawMode":2,"name":"Shaded Wireframe","section":"Shading Mode"},"sceneLighting":true,"audioPlay":false,"sceneViewState":{"showFog":true,"showMaterialUpdate":false,"showSkybox":true,"showFlares":true,"showImageEffects":true,"showParticleSystems":true},"in2DMode":false,"pivot":{"x":16.732921600341798,"y":18.94812774658203,"z":10.220442771911621},"rotation":{"x":-0.00015240073844324797,"y":0.8233448266983032,"z":-0.00027008255710825324,"w":-0.5676069259643555},"size":15.529693603515625,"orthographic":false}