{"cameraMode":{"drawMode":2,"name":"Shaded Wireframe","section":"Shading Mode"},"sceneLighting":true,"audioPlay":false,"sceneViewState":{"showFog":true,"showMaterialUpdate":false,"showSkybox":true,"showFlares":true,"showImageEffects":true,"showParticleSystems":true},"in2DMode":false,"pivot":{"x":-1.4250857830047608,"y":-0.06043553352355957,"z":-4.663216590881348},"rotation":{"x":0.049661122262477878,"y":0.07153058797121048,"z":-0.0035660979337990286,"w":0.9961957335472107},"size":0.5098839998245239,"orthographic":false}