{"cameraMode":{"drawMode":2,"name":"Shaded Wireframe","section":"Shading Mode"},"sceneLighting":true,"audioPlay":false,"sceneViewState":{"showFog":true,"showMaterialUpdate":false,"showSkybox":true,"showFlares":true,"showImageEffects":true,"showParticleSystems":true},"in2DMode":false,"pivot":{"x":4.152163028717041,"y":-20.557815551757814,"z":9.342134475708008},"rotation":{"x":0.5871561765670776,"y":0.04798515886068344,"z":-0.034917883574962619,"w":0.8073198795318604},"size":28.120319366455079,"orthographic":false}