{"cameraMode":{"drawMode":2,"name":"Shaded Wireframe","section":"Shading Mode"},"sceneLighting":true,"audioPlay":false,"sceneViewState":{"showFog":true,"showMaterialUpdate":false,"showSkybox":true,"showFlares":true,"showImageEffects":true,"showParticleSystems":true},"in2DMode":false,"pivot":{"x":8.963395118713379,"y":-0.06314928084611893,"z":-7.2442121505737309},"rotation":{"x":-0.1952579766511917,"y":0.32059261202812197,"z":0.0678122490644455,"w":0.9244384169578552},"size":29.38573455810547,"orthographic":false}